{"__meta":{"schema_version":99,"schema_name":"StackedEnsembleModelV99","schema_type":"StackedEnsembleModel"},"model_id":{"__meta":{"schema_version":3,"schema_name":"ModelKeyV3","schema_type":"Key<Model>"},"name":"stacked_ens","type":"Key<Model>","URL":"/3/Models/stacked_ens"},"algo":"stackedensemble","algo_full_name":"Stacked Ensemble","response_column_name":"price","data_frame":{"__meta":{"schema_version":3,"schema_name":"FrameKeyV3","schema_type":"Key<Frame>"},"name":"py_59_sid_ab27","type":"Key<Frame>","URL":"/3/Frames/py_59_sid_ab27"},"timestamp":1553509632397,"have_pojo":false,"have_mojo":true,"algo":"stackedensemble","algo_full_name":"Stacked Ensemble","model_id":{"__meta":{"schema_version":3,"schema_name":"ModelKeyV3","schema_type":"Key<Model>"},"name":"stacked_ens","type":"Key<Model>","URL":"/3/Models/stacked_ens"},"parameters":[{"__meta":{"schema_version":3,"schema_name":"ModelParameterSchemaV3","schema_type":"Iced"},"name":"model_id","label":"model_id","help":"Destination id for this model; auto-generated if not specified.","required":false,"type":"Key<Model>","default_value":null,"actual_value":{"__meta":{"schema_version":3,"schema_name":"ModelKeyV3","schema_type":"Key<Model>"},"name":"stacked_ens","type":"Key<Model>","URL":"/3/Models/stacked_ens"},"level":"critical","values":[],"is_member_of_frames":[],"is_mutually_exclusive_with":[],"gridable":false},{"__meta":{"schema_version":3,"schema_name":"ModelParameterSchemaV3","schema_type":"Iced"},"name":"training_frame","label":"training_frame","help":"Id of the training data frame.","required":false,"type":"Key<Frame>","default_value":null,"actual_value":{"__meta":{"schema_version":3,"schema_name":"FrameKeyV3","schema_type":"Key<Frame>"},"name":"py_59_sid_ab27","type":"Key<Frame>","URL":"/3/Frames/py_59_sid_ab27"},"level":"critical","values":[],"is_member_of_frames":[],"is_mutually_exclusive_with":[],"gridable":false},{"__meta":{"schema_version":3,"schema_name":"ModelParameterSchemaV3","schema_type":"Iced"},"name":"response_column","label":"response_column","help":"Response variable column.","required":false,"type":"VecSpecifier","default_value":null,"actual_value":{"__meta":{"schema_version":3,"schema_name":"ColSpecifierV3","schema_type":"VecSpecifier"},"column_name":"price","is_member_of_frames":null},"level":"critical","values":[],"is_member_of_frames":["training_frame","validation_frame"],"is_mutually_exclusive_with":["ignored_columns","metalearner_fold_column"],"gridable":true},{"__meta":{"schema_version":3,"schema_name":"ModelParameterSchemaV3","schema_type":"Iced"},"name":"validation_frame","label":"validation_frame","help":"Id of the validation data frame.","required":false,"type":"Key<Frame>","default_value":null,"actual_value":null,"level":"critical","values":[],"is_member_of_frames":[],"is_mutually_exclusive_with":[],"gridable":true},{"__meta":{"schema_version":3,"schema_name":"ModelParameterSchemaV3","schema_type":"Iced"},"name":"blending_frame","label":"blending_frame","help":"Frame used to compute the predictions that serve as the training frame for the metalearner (triggers blending mode if provided)","required":false,"type":"Key<Frame>","default_value":null,"actual_value":null,"level":"critical","values":[],"is_member_of_frames":[],"is_mutually_exclusive_with":[],"gridable":false},{"__meta":{"schema_version":3,"schema_name":"ModelParameterSchemaV3","schema_type":"Iced"},"name":"base_models","label":"base_models","help":"List of models (or model ids) to ensemble/stack together. If not using blending frame, then models must have been cross-validated using nfolds > 1, and folds must be identical across models.","required":true,"type":"Key<Model>[]","default_value":[],"actual_value":[{"__meta":{"schema_version":3,"schema_name":"ModelKeyV3","schema_type":"Key<Model>"},"name":"defaults","type":"Key<Model>","URL":"/3/Models/defaults"},{"__meta":{"schema_version":3,"schema_name":"ModelKeyV3","schema_type":"Key<Model>"},"name":"rf1","type":"Key<Model>","URL":"/3/Models/rf1"},{"__meta":{"schema_version":3,"schema_name":"ModelKeyV3","schema_type":"Key<Model>"},"name":"deep_learning_model","type":"Key<Model>","URL":"/3/Models/deep_learning_model"},{"__meta":{"schema_version":3,"schema_name":"ModelKeyV3","schema_type":"Key<Model>"},"name":"glm","type":"Key<Model>","URL":"/3/Models/glm"}],"level":"critical","values":[],"is_member_of_frames":[],"is_mutually_exclusive_with":[],"gridable":false},{"__meta":{"schema_version":3,"schema_name":"ModelParameterSchemaV3","schema_type":"Iced"},"name":"metalearner_algorithm","label":"metalearner_algorithm","help":"Type of algorithm to use as the metalearner. Options include 'AUTO' (GLM with non negative weights; if validation_frame is present, a lambda search is performed), 'glm' (GLM with default parameters), 'gbm' (GBM with default parameters), 'drf' (Random Forest with default parameters), or 'deeplearning' (Deep Learning with default parameters).","required":false,"type":"enum","default_value":"AUTO","actual_value":"AUTO","level":"critical","values":["AUTO","glm","gbm","drf","deeplearning"],"is_member_of_frames":[],"is_mutually_exclusive_with":[],"gridable":false},{"__meta":{"schema_version":3,"schema_name":"ModelParameterSchemaV3","schema_type":"Iced"},"name":"metalearner_nfolds","label":"metalearner_nfolds","help":"Number of folds for K-fold cross-validation of the metalearner algorithm (0 to disable or >= 2).","required":false,"type":"int","default_value":0,"actual_value":0,"level":"critical","values":[],"is_member_of_frames":[],"is_mutually_exclusive_with":[],"gridable":false},{"__meta":{"schema_version":3,"schema_name":"ModelParameterSchemaV3","schema_type":"Iced"},"name":"metalearner_fold_assignment","label":"metalearner_fold_assignment","help":"Cross-validation fold assignment scheme for metalearner cross-validation.  Defaults to AUTO (which is currently set to Random). The 'Stratified' option will stratify the folds based on the response variable, for classification problems.","required":false,"type":"enum","default_value":null,"actual_value":null,"level":"secondary","values":["AUTO","Random","Modulo","Stratified"],"is_member_of_frames":[],"is_mutually_exclusive_with":[],"gridable":false},{"__meta":{"schema_version":3,"schema_name":"ModelParameterSchemaV3","schema_type":"Iced"},"name":"metalearner_fold_column","label":"metalearner_fold_column","help":"Column with cross-validation fold index assignment per observation for cross-validation of the metalearner.","required":false,"type":"VecSpecifier","default_value":null,"actual_value":null,"level":"secondary","values":[],"is_member_of_frames":["training_frame"],"is_mutually_exclusive_with":["response_column","ignored_columns"],"gridable":false},{"__meta":{"schema_version":3,"schema_name":"ModelParameterSchemaV3","schema_type":"Iced"},"name":"metalearner_params","label":"metalearner_params","help":"Parameters for metalearner algorithm","required":false,"type":"string","default_value":"","actual_value":"","level":"critical","values":[],"is_member_of_frames":[],"is_mutually_exclusive_with":[],"gridable":false},{"__meta":{"schema_version":3,"schema_name":"ModelParameterSchemaV3","schema_type":"Iced"},"name":"seed","label":"seed","help":"Seed for random numbers; passed through to the metalearner algorithm. Defaults to -1 (time-based random number)","required":false,"type":"long","default_value":-1,"actual_value":1872092491055291888,"level":"critical","values":[],"is_member_of_frames":[],"is_mutually_exclusive_with":[],"gridable":true},{"__meta":{"schema_version":3,"schema_name":"ModelParameterSchemaV3","schema_type":"Iced"},"name":"keep_levelone_frame","label":"keep_levelone_frame","help":"Keep level one frame used for metalearner training.","required":false,"type":"boolean","default_value":false,"actual_value":false,"level":"secondary","values":[],"is_member_of_frames":[],"is_mutually_exclusive_with":[],"gridable":false},{"__meta":{"schema_version":3,"schema_name":"ModelParameterSchemaV3","schema_type":"Iced"},"name":"export_checkpoints_dir","label":"export_checkpoints_dir","help":"Automatically export generated models to this directory.","required":false,"type":"string","default_value":null,"actual_value":null,"level":"secondary","values":[],"is_member_of_frames":[],"is_mutually_exclusive_with":[],"gridable":false}],"output":{"__meta":{"schema_version":99,"schema_name":"StackedEnsembleModelOutputV99","schema_type":"StackedEnsembleOutput"},"names":["bedrooms","bathrooms","sqft_living","sqft_lot","floors","condition","grade","sqft_above","yr_built","zipcode","lat","long","sqft_living15","sqft_lot15","year","month","day","price"],"column_types":["Numeric","Numeric","Numeric","Numeric","Numeric","Numeric","Numeric","Numeric","Numeric","Numeric","Numeric","Numeric","Numeric","Numeric","Numeric","Numeric","Numeric","Numeric"],"domains":[null,null,null,null,null,null,null,null,null,null,null,null,null,null,null,null,null,null],"cross_validation_models":null,"cross_validation_predictions":null,"cross_validation_holdout_predictions_frame_id":null,"cross_validation_fold_assignment_frame_id":null,"model_category":"Regression","model_summary":null,"scoring_history":null,"training_metrics":{"__meta":{"schema_version":3,"schema_name":"ModelMetricsRegressionGLMV3","schema_type":"ModelMetricsRegressionGLM"},"model":{"__meta":{"schema_version":3,"schema_name":"ModelKeyV3","schema_type":"Key<Model>"},"name":"stacked_ens","type":"Key<Model>","URL":"/3/Models/stacked_ens"},"model_checksum":273496093571887864,"frame":{"__meta":{"schema_version":3,"schema_name":"FrameKeyV3","schema_type":"Key<Frame>"},"name":"py_59_sid_ab27","type":"Key<Frame>","URL":"/3/Frames/py_59_sid_ab27"},"frame_checksum":-6541847432518720768,"description":null,"model_category":"Regression","scoring_time":1553509632229,"predictions":null,"MSE":1.3243258856011037E11,"RMSE":363912.8859495228,"nobs":19462,"custom_metric_name":null,"custom_metric_value":0.0,"r2":0.01887296949587791,"mean_residual_deviance":1.3243258856011037E11,"mae":231038.58155648352,"rmsle":0.5413677875256875,"residual_deviance":2.577403038556868E15,"null_deviance":2.6269819895111445E15,"AIC":553651.7305149485,"null_degrees_of_freedom":19461,"residual_degrees_of_freedom":19457},"validation_metrics":null,"cross_validation_metrics":null,"cross_validation_metrics_summary":null,"status":null,"start_time":1553509630625,"end_time":1553509632396,"run_time":1771,"help":{"cross_validation_metrics":"Cross-validation model metrics", "cross_validation_metrics_summary":"Cross-validation model metrics summary", "start_time":"Start time in milliseconds", "run_time":"Runtime in milliseconds", "status":"Job status", "levelone_frame_id":"Level one frame used for metalearner training.", "domains":"Domains for categorical columns", "model_category":"Category of the model (e.g., Binomial)", "__meta":"Metadata on this schema instance, to make it self-describing.", "model_summary":"Model summary", "scoring_history":"Scoring history", "help":"Help information for output fields", "end_time":"End time in milliseconds", "names":"Column names", "stacking_strategy":"The stacking strategy used for training.", "column_types":"Column types", "metalearner":"Model which combines the base_models into a stacked ensemble.", "cross_validation_fold_assignment_frame_id":"Cross-validation fold assignment (each row is assigned to one holdout fold)", "cross_validation_models":"Cross-validation models (model ids)", "training_metrics":"Training data model metrics", "cross_validation_predictions":"Cross-validation predictions, one per cv model (deprecated, use cross_validation_holdout_predictions_frame_id instead)", "cross_validation_holdout_predictions_frame_id":"Cross-validation holdout predictions (full out-of-sample predictions on training data)", "validation_metrics":"Validation data model metrics"},"metalearner":{"__meta":{"schema_version":3,"schema_name":"ModelKeyV3","schema_type":"Key<Model>"},"name":"metalearner_AUTO_stacked_ens","type":"Key<Model>","URL":"/3/Models/metalearner_AUTO_stacked_ens"},"levelone_frame_id":null,"stacking_strategy":"cross_validation"},"compatible_frames":null}
